['/content/data/mme_hallucination/images/color_000.png']	Is there a blue and yellow fire hydrant in the image?	Yes	Yes
['/content/data/mme_hallucination/images/color_000.png']	Is there a blue and orange fire hydrant in the image?	Yes	No
['/content/data/mme_hallucination/images/color_001.png']	Is there a white plate in the image?	Yes	Yes
['/content/data/mme_hallucination/images/color_001.png']	Is there a yellow plate in the image?	No	No
['/content/data/mme_hallucination/images/color_002.png']	Are there any green beans in the image?	Yes	Yes
['/content/data/mme_hallucination/images/color_002.png']	Are there any orange beans in the image?	No	No
['/content/data/mme_hallucination/images/color_003.png']	Is there a red coat in the image?	Yes	Yes
['/content/data/mme_hallucination/images/color_003.png']	Is there a yellow coat in the image?	No	No
['/content/data/mme_hallucination/images/color_004.png']	Is there a brown and white animal in the image?	Yes	Yes
['/content/data/mme_hallucination/images/color_004.png']	Is there a green and red animal in the image?	No	No
['/content/data/mme_hallucination/images/color_005.png']	Is there a green hat in the image?	Yes	Yes
['/content/data/mme_hallucination/images/color_005.png']	Is there a red hat in the image?	No	No
['/content/data/mme_hallucination/images/color_006.png']	Is there a skateboard with red wheels in the image?	Yes	Yes
['/content/data/mme_hallucination/images/color_006.png']	Is there a skateboard with black wheels in the image?	Yes	No
['/content/data/mme_hallucination/images/color_007.png']	Is there a white plate in the image?	Yes	Yes
['/content/data/mme_hallucination/images/color_007.png']	Is there a yellow plate in the image?	No	No
['/content/data/mme_hallucination/images/color_008.png']	Is there a man wearing a red shirt in the image?	Yes	Yes
['/content/data/mme_hallucination/images/color_008.png']	Is there a man wearing a white shirt in the image?	No	No
['/content/data/mme_hallucination/images/color_009.png']	Is there a red couch in the image?	Yes	Yes
['/content/data/mme_hallucination/images/color_009.png']	Is there a black couch in the image?	No	No
['/content/data/mme_hallucination/images/color_010.png']	Is there a living room painted yellow in the image?	Yes	Yes
['/content/data/mme_hallucination/images/color_010.png']	Is there a living room painted black in the image?	No	No
['/content/data/mme_hallucination/images/color_011.png']	Is there a red boat in the image?	Yes	Yes
['/content/data/mme_hallucination/images/color_011.png']	Is there a gray boat in the image?	No	No
['/content/data/mme_hallucination/images/color_012.png']	Is there a brown and black dog in the image?	Yes	Yes
['/content/data/mme_hallucination/images/color_012.png']	Is there a brown and white dog in the image?	Yes	No
['/content/data/mme_hallucination/images/color_013.png']	Is there a red scarf in the image?	Yes	Yes
['/content/data/mme_hallucination/images/color_013.png']	Is there a brown scarf in the image?	No	No
['/content/data/mme_hallucination/images/color_014.png']	Are there any red shoes in the image?	Yes	Yes
['/content/data/mme_hallucination/images/color_014.png']	Are there any yellow shoes in the image?	Yes	No
['/content/data/mme_hallucination/images/color_015.png']	Is there a purple bottle in the image?	Yes	Yes
['/content/data/mme_hallucination/images/color_015.png']	Is there a white bottle in the image?	No	No
['/content/data/mme_hallucination/images/color_016.png']	Is there a red bicycle with white handlebars in the image?	Yes	Yes
['/content/data/mme_hallucination/images/color_016.png']	Is there a red bicycle with black handlebars in the image?	Yes	No
['/content/data/mme_hallucination/images/color_017.png']	Is there a gray wall in the image?	Yes	Yes
['/content/data/mme_hallucination/images/color_017.png']	Is there a red wall in the image?	No	No
['/content/data/mme_hallucination/images/color_018.png']	Is there a blue bus in the image?	Yes	Yes
['/content/data/mme_hallucination/images/color_018.png']	Is there a orange bus in the image?	No	No
['/content/data/mme_hallucination/images/color_019.png']	Is there a black and white toilet in the image?	Yes	Yes
['/content/data/mme_hallucination/images/color_019.png']	Is there a red and white toilet in the image?	No	No
['/content/data/mme_hallucination/images/color_020.png']	Is there a red brick building in the image?	Yes	Yes
['/content/data/mme_hallucination/images/color_020.png']	Is there a yellow brick building in the image?	No	No
['/content/data/mme_hallucination/images/color_021.png']	Is there a white bird in the image?	Yes	Yes
['/content/data/mme_hallucination/images/color_021.png']	Is there a yellow bird in the image?	Yes	No
['/content/data/mme_hallucination/images/color_022.png']	Is there a brown giraffe in the image?	Yes	Yes
['/content/data/mme_hallucination/images/color_022.png']	Is there a black giraffe in the image?	No	No
['/content/data/mme_hallucination/images/color_023.png']	Is there a white bus in the image?	Yes	Yes
['/content/data/mme_hallucination/images/color_023.png']	Is there a red bus in the image?	No	No
['/content/data/mme_hallucination/images/color_024.png']	Is there a blue court in the image?	Yes	Yes
['/content/data/mme_hallucination/images/color_024.png']	Is there a purple court in the image?	Yes	No
['/content/data/mme_hallucination/images/color_025.png']	Are there yellow poles in the image?	Yes	Yes
['/content/data/mme_hallucination/images/color_025.png']	Are there blue poles in the image?	No	No
['/content/data/mme_hallucination/images/color_026.png']	Are there any red flowers in the image?	Yes	Yes
['/content/data/mme_hallucination/images/color_026.png']	Are there any green flowers in the image?	Yes	No
['/content/data/mme_hallucination/images/color_027.png']	Is there a black cat in the image?	Yes	Yes
['/content/data/mme_hallucination/images/color_027.png']	Is there a brown cat in the image?	No	No
['/content/data/mme_hallucination/images/color_028.png']	Is there a brown dog in the image?	Yes	Yes
['/content/data/mme_hallucination/images/color_028.png']	Is there a black dog in the image?	No	No
['/content/data/mme_hallucination/images/color_029.png']	Are there a white dish in the image?	Yes	Yes
['/content/data/mme_hallucination/images/color_029.png']	Are there a green dish in the image?	No	No
['/content/data/mme_hallucination/images/position_000.png']	Is the pineapple on the left of the pot in the image?	Yes	Yes
['/content/data/mme_hallucination/images/position_000.png']	Is the pineapple on the right of the pot in the image?	No	No
['/content/data/mme_hallucination/images/position_001.png']	Is the dog above the pool in the image?	Yes	Yes
['/content/data/mme_hallucination/images/position_001.png']	Is the dog under the pool in the image?	No	No
['/content/data/mme_hallucination/images/position_002.png']	Is the big red and black umbrella on the top of people?	Yes	Yes
['/content/data/mme_hallucination/images/position_002.png']	Is the big red and black umbrella under people?	Yes	No
['/content/data/mme_hallucination/images/position_003.png']	Is the person on the right of the train?	Yes	Yes
['/content/data/mme_hallucination/images/position_003.png']	Is the person on the left of the train?	No	No
['/content/data/mme_hallucination/images/position_004.png']	Are the pedestrians on the right of the bus?	Yes	Yes
['/content/data/mme_hallucination/images/position_004.png']	Are the pedestrians on the left of the bus?	No	No
['/content/data/mme_hallucination/images/position_005.png']	Is the white mouse on the right of the black keyboard?	No	Yes
['/content/data/mme_hallucination/images/position_005.png']	Is the white mouse on the left of the black keyboard?	Yes	No
['/content/data/mme_hallucination/images/position_006.png']	Is the refrigerator on the left side of the picture?	Yes	Yes
['/content/data/mme_hallucination/images/position_006.png']	Is the refrigerator on the right side of the picture	No	No
['/content/data/mme_hallucination/images/position_007.png']	Is the light above the computer in the image?	Yes	Yes
['/content/data/mme_hallucination/images/position_007.png']	Is the light under the computer in the image?	Yes	No
['/content/data/mme_hallucination/images/position_008.png']	Is the cricket bat above the batter's body?	Yes	Yes
['/content/data/mme_hallucination/images/position_008.png']	Is the cricket bat under the batter's body	No	No
['/content/data/mme_hallucination/images/position_009.png']	Is the baby on the right of the dog in the image?	Yes	Yes
['/content/data/mme_hallucination/images/position_009.png']	Is the baby on the left of the dog in the image?	No	No
['/content/data/mme_hallucination/images/position_010.png']	Is the TV on the left of the bookshelf?	Yes	Yes
['/content/data/mme_hallucination/images/position_010.png']	Is the TV on the right of the bookshelf?	No	No
['/content/data/mme_hallucination/images/position_011.png']	Is the blue umbrella under the black umbrella?	Yes	Yes
['/content/data/mme_hallucination/images/position_011.png']	Is the blue umbrella above the black umbrella?	Yes	No
['/content/data/mme_hallucination/images/position_012.png']	Is the person under the kite?	Yes	Yes
['/content/data/mme_hallucination/images/position_012.png']	Is the person above the kite?	Yes	No
['/content/data/mme_hallucination/images/position_013.png']	Is the vase on the left of the bottle?	Yes	Yes
['/content/data/mme_hallucination/images/position_013.png']	Is the vase on the right of the bottle?	No	No
['/content/data/mme_hallucination/images/position_014.png']	Is there a sofa in the middle of potted plants in the image?	No	Yes
['/content/data/mme_hallucination/images/position_014.png']	Is there a sofa in the right side of potted plants in the image?	No	No
['/content/data/mme_hallucination/images/position_015.png']	Is the cake on the left side of the camera?	Yes	Yes
['/content/data/mme_hallucination/images/position_015.png']	Is the cake on the right side of the camera?	No	No
['/content/data/mme_hallucination/images/position_016.png']	Is the clock above people?	Yes	Yes
['/content/data/mme_hallucination/images/position_016.png']	Is the clock under people?	No	No
['/content/data/mme_hallucination/images/position_017.png']	Is the gray elephant in front of the brown elephant?	Yes	Yes
['/content/data/mme_hallucination/images/position_017.png']	Is the brown elephant in front of the gray elephant?	Yes	No
['/content/data/mme_hallucination/images/position_018.png']	Is the phone above the pizza in the image?	Yes	Yes
['/content/data/mme_hallucination/images/position_018.png']	Is the phone under the pizza in the image?	Yes	No
['/content/data/mme_hallucination/images/position_019.png']	Is the TV on the left of the lamp?	Yes	Yes
['/content/data/mme_hallucination/images/position_019.png']	Is the TV on the right of the lamp?	No	No
['/content/data/mme_hallucination/images/position_020.png']	Is the spoon in the bowl?	Yes	Yes
['/content/data/mme_hallucination/images/position_020.png']	Is the spoon out of the bowl?	Yes	No
['/content/data/mme_hallucination/images/position_021.png']	Is the trash can under the cup in the image？	Yes	Yes
['/content/data/mme_hallucination/images/position_021.png']	Is the trash can above the cup in the image？	Yes	No
['/content/data/mme_hallucination/images/position_022.png']	Is the monitor on top of a person?	Yes	Yes
['/content/data/mme_hallucination/images/position_022.png']	Is the monitor under the person?	No	No
['/content/data/mme_hallucination/images/position_023.png']	Is the motorcycle on the right side of the bus?	Yes	Yes
['/content/data/mme_hallucination/images/position_023.png']	Is the motorcycle on the left side of the bus	No	No
['/content/data/mme_hallucination/images/position_024.png']	Is the sea behind people in the image?	Yes	Yes
['/content/data/mme_hallucination/images/position_024.png']	Is the sea in front of people in the image?	No	No
['/content/data/mme_hallucination/images/position_025.png']	Is the grey sofa on the right of the TV?	Yes	Yes
['/content/data/mme_hallucination/images/position_025.png']	Is the grey sofa on the left of the TV?	No	No
['/content/data/mme_hallucination/images/position_026.png']	Is the mirror above the TV?	Yes	Yes
['/content/data/mme_hallucination/images/position_026.png']	Is the mirror under the TV?	Yes	No
['/content/data/mme_hallucination/images/position_027.png']	Is the car on the right side of the fire hydrant in the picture?	Yes	Yes
['/content/data/mme_hallucination/images/position_027.png']	Is the car on the left side of the fire hydrant in the picture?	No	No
['/content/data/mme_hallucination/images/position_028.png']	Is the light above the fire hydrant in the image?	Yes	Yes
['/content/data/mme_hallucination/images/position_028.png']	Is the light under the fire hydrant in the image?	Yes	No
['/content/data/mme_hallucination/images/position_029.png']	Is the vase on the left of the toothbrush?	Yes	Yes
['/content/data/mme_hallucination/images/position_029.png']	Is the vase on the right of the toothbrush?	Yes	No
['/content/data/mme_hallucination/images/count_000.png']	Is there only one bottle in the image?	Yes	Yes
['/content/data/mme_hallucination/images/count_000.png']	Is there two bottles in the image?	Yes	No
['/content/data/mme_hallucination/images/count_001.png']	Are there three remotes in this image?	Yes	Yes
['/content/data/mme_hallucination/images/count_001.png']	Are there only two remotes in this image?	No	No
['/content/data/mme_hallucination/images/count_002.png']	Are there three people appear in this image?	Yes	Yes
['/content/data/mme_hallucination/images/count_002.png']	Are there only two people appear in this image?	No	No
['/content/data/mme_hallucination/images/count_003.png']	Is there only one dog in the image?	Yes	Yes
['/content/data/mme_hallucination/images/count_003.png']	Is there two dogs in the image?	No	No
['/content/data/mme_hallucination/images/count_004.png']	Is there only one necktie in the image?	Yes	Yes
['/content/data/mme_hallucination/images/count_004.png']	Is there three neckties in the image?	No	No
['/content/data/mme_hallucination/images/count_005.png']	Are there two horses in this image?	No	Yes
['/content/data/mme_hallucination/images/count_005.png']	Is there only one horse in this image?	Yes	No
['/content/data/mme_hallucination/images/count_006.png']	Are there three zippers in the picture?	Yes	Yes
['/content/data/mme_hallucination/images/count_006.png']	Is there a zipper in the picture?	Yes	No
['/content/data/mme_hallucination/images/count_007.png']	Are there four dogs appear in this image?	Yes	Yes
['/content/data/mme_hallucination/images/count_007.png']	Are there only three dogs appear in this image?	Yes	No
['/content/data/mme_hallucination/images/count_008.png']	Are there three laptops in the picture?	Yes	Yes
['/content/data/mme_hallucination/images/count_008.png']	Are there four laptops in the picture?	No	No
['/content/data/mme_hallucination/images/count_009.png']	Is there only one ship in the picture?	Yes	Yes
['/content/data/mme_hallucination/images/count_009.png']	Is there a total of two ships in the picture?	No	No
['/content/data/mme_hallucination/images/count_010.png']	Is there no person in this picture?	No	Yes
['/content/data/mme_hallucination/images/count_010.png']	Are there two people appear in this image?	No	No
['/content/data/mme_hallucination/images/count_011.png']	Are there two bath towels in the picture?	Yes	Yes
['/content/data/mme_hallucination/images/count_011.png']	Is there only one bath towel in the picture?	No	No
['/content/data/mme_hallucination/images/count_012.png']	Are there two bowls in this image?	Yes	Yes
['/content/data/mme_hallucination/images/count_012.png']	Are there three bowls in this image?	No	No
['/content/data/mme_hallucination/images/count_013.png']	Is there a total of three cakes in this image?	Yes	Yes
['/content/data/mme_hallucination/images/count_013.png']	Are there only two cakes in this image?	No	No
['/content/data/mme_hallucination/images/count_014.png']	Is there a dog in the picture?	Yes	Yes
['/content/data/mme_hallucination/images/count_014.png']	Are there a total of two dogs in the picture?	No	No
['/content/data/mme_hallucination/images/count_015.png']	Are there two tennis rackets in the picture?	Yes	Yes
['/content/data/mme_hallucination/images/count_015.png']	Are there only one tennis racket in the picture?	No	No
['/content/data/mme_hallucination/images/count_016.png']	Are there four people in this image?	Yes	Yes
['/content/data/mme_hallucination/images/count_016.png']	Are there five people in this image?	No	No
['/content/data/mme_hallucination/images/count_017.png']	Is there a total of two display devices in the image?	Yes	Yes
['/content/data/mme_hallucination/images/count_017.png']	Is there only one display device in the image?	No	No
['/content/data/mme_hallucination/images/count_018.png']	Are there two bananas in the image?	Yes	Yes
['/content/data/mme_hallucination/images/count_018.png']	Are there three bananas in the image?	Yes	No
['/content/data/mme_hallucination/images/count_019.png']	Is there a total of two people in the image?	Yes	Yes
['/content/data/mme_hallucination/images/count_019.png']	Is there only one people in the image?	No	No
['/content/data/mme_hallucination/images/count_020.png']	Is there a train in the picture?	Yes	Yes
['/content/data/mme_hallucination/images/count_020.png']	Are there a total of two trains in the picture?	No	No
['/content/data/mme_hallucination/images/count_021.png']	Are there two giraffes in this image?	Yes	Yes
['/content/data/mme_hallucination/images/count_021.png']	Are there three giraffes in this picture?	No	No
['/content/data/mme_hallucination/images/count_022.png']	Is there a total of two dogs in the image?	Yes	Yes
['/content/data/mme_hallucination/images/count_022.png']	Is there only one dogs in the image?	No	No
['/content/data/mme_hallucination/images/count_023.png']	Are there two pieces of pizza in this image?	Yes	Yes
['/content/data/mme_hallucination/images/count_023.png']	Is there only one piece of pizza in this image?	No	No
['/content/data/mme_hallucination/images/count_024.png']	Are there four people appear in this image?	Yes	Yes
['/content/data/mme_hallucination/images/count_024.png']	Are there only three people appear in this image?	Yes	No
['/content/data/mme_hallucination/images/count_025.png']	Are there six people appear in this image?	No	Yes
['/content/data/mme_hallucination/images/count_025.png']	Are there seven people appear in this image?	No	No
['/content/data/mme_hallucination/images/count_026.png']	Is there a total of two person appear in the image?	Yes	Yes
['/content/data/mme_hallucination/images/count_026.png']	Is there only one person appear in the image?	No	No
['/content/data/mme_hallucination/images/count_027.png']	Is there only one bowl in this image?	Yes	Yes
['/content/data/mme_hallucination/images/count_027.png']	Are there two bowls in this image?	No	No
['/content/data/mme_hallucination/images/count_028.png']	Are there two toilets in the picture?	Yes	Yes
['/content/data/mme_hallucination/images/count_028.png']	Is there only one toilet in the picture?	No	No
['/content/data/mme_hallucination/images/count_029.png']	Are there four people in the image?	Yes	Yes
['/content/data/mme_hallucination/images/count_029.png']	Are there only three people in the image?	No	No
['/content/data/mme_hallucination/images/existence_000.png']	Is there a laptop in this image?	Yes	Yes
['/content/data/mme_hallucination/images/existence_000.png']	Is there a potted plant in this image?	No	No
['/content/data/mme_hallucination/images/existence_001.png']	Is there a bus in this image?	Yes	Yes
['/content/data/mme_hallucination/images/existence_001.png']	Is there a cow in this image?	No	No
['/content/data/mme_hallucination/images/existence_002.png']	Is there a bottle in this image?	Yes	Yes
['/content/data/mme_hallucination/images/existence_002.png']	Is there a scissors in this image?	No	No
['/content/data/mme_hallucination/images/existence_003.png']	Is there a umbrella in this image?	Yes	Yes
['/content/data/mme_hallucination/images/existence_003.png']	Is there a horse in this image?	No	No
['/content/data/mme_hallucination/images/existence_004.png']	Is there a chair in this image?	Yes	Yes
['/content/data/mme_hallucination/images/existence_004.png']	Is there a airplane in this image?	No	No
['/content/data/mme_hallucination/images/existence_005.png']	Is there a skateboard in this image?	Yes	Yes
['/content/data/mme_hallucination/images/existence_005.png']	Is there a banana in this image?	Yes	No
['/content/data/mme_hallucination/images/existence_006.png']	Is there a skateboard in this image?	Yes	Yes
['/content/data/mme_hallucination/images/existence_006.png']	Is there a spoon in this image?	No	No
['/content/data/mme_hallucination/images/existence_007.png']	Is there a bicycle in this image?	Yes	Yes
['/content/data/mme_hallucination/images/existence_007.png']	Is there a apple in this image?	No	No
['/content/data/mme_hallucination/images/existence_008.png']	Is there a car in this image?	Yes	Yes
['/content/data/mme_hallucination/images/existence_008.png']	Is there a kite in this image?	No	No
['/content/data/mme_hallucination/images/existence_009.png']	Is there a bottle in this image?	Yes	Yes
['/content/data/mme_hallucination/images/existence_009.png']	Is there a apple in this image?	No	No
['/content/data/mme_hallucination/images/existence_010.png']	Is there a elephant in this image?	Yes	Yes
['/content/data/mme_hallucination/images/existence_010.png']	Is there a hair drier in this image?	No	No
['/content/data/mme_hallucination/images/existence_011.png']	Is there a baseball bat in this image?	Yes	Yes
['/content/data/mme_hallucination/images/existence_011.png']	Is there a giraffe in this image?	No	No
['/content/data/mme_hallucination/images/existence_012.png']	Is there a sports ball in this image?	Yes	Yes
['/content/data/mme_hallucination/images/existence_012.png']	Is there a horse in this image?	No	No
['/content/data/mme_hallucination/images/existence_013.png']	Is there a person in this image?	Yes	Yes
['/content/data/mme_hallucination/images/existence_013.png']	Is there a sink in this image?	No	No
['/content/data/mme_hallucination/images/existence_014.png']	Is there a fire hydrant in this image?	Yes	Yes
['/content/data/mme_hallucination/images/existence_014.png']	Is there a person in this image?	No	No
['/content/data/mme_hallucination/images/existence_015.png']	Is there a cake in this image?	Yes	Yes
['/content/data/mme_hallucination/images/existence_015.png']	Is there a tie in this image?	Yes	No
['/content/data/mme_hallucination/images/existence_016.png']	Is there a train in this image?	Yes	Yes
['/content/data/mme_hallucination/images/existence_016.png']	Is there a bed in this image?	No	No
['/content/data/mme_hallucination/images/existence_017.png']	Is there a chair in this image?	Yes	Yes
['/content/data/mme_hallucination/images/existence_017.png']	Is there a baseball bat in this image?	No	No
['/content/data/mme_hallucination/images/existence_018.png']	Is there a car in this image?	Yes	Yes
['/content/data/mme_hallucination/images/existence_018.png']	Is there a fork in this image?	No	No
['/content/data/mme_hallucination/images/existence_019.png']	Is there a motorcycle in this image?	Yes	Yes
['/content/data/mme_hallucination/images/existence_019.png']	Is there a bus in this image?	No	No
['/content/data/mme_hallucination/images/existence_020.png']	Is there a backpack in this image?	Yes	Yes
['/content/data/mme_hallucination/images/existence_020.png']	Is there a microwave in this image?	No	No
['/content/data/mme_hallucination/images/existence_021.png']	Is there a bottle in this image?	Yes	Yes
['/content/data/mme_hallucination/images/existence_021.png']	Is there a mouse in this image?	No	No
['/content/data/mme_hallucination/images/existence_022.png']	Is there a motorcycle in this image?	Yes	Yes
['/content/data/mme_hallucination/images/existence_022.png']	Is there a airplane in this image?	No	No
['/content/data/mme_hallucination/images/existence_023.png']	Is there a toilet in this image?	Yes	Yes
['/content/data/mme_hallucination/images/existence_023.png']	Is there a pizza in this image?	No	No
['/content/data/mme_hallucination/images/existence_024.png']	Is there a truck in this image?	Yes	Yes
['/content/data/mme_hallucination/images/existence_024.png']	Is there a book in this image?	No	No
['/content/data/mme_hallucination/images/existence_025.png']	Is there a car in this image?	Yes	Yes
['/content/data/mme_hallucination/images/existence_025.png']	Is there a cell phone in this image?	No	No
['/content/data/mme_hallucination/images/existence_026.png']	Is there a spoon in this image?	No	Yes
['/content/data/mme_hallucination/images/existence_026.png']	Is there a donut in this image?	No	No
['/content/data/mme_hallucination/images/existence_027.png']	Is there a chair in this image?	Yes	Yes
['/content/data/mme_hallucination/images/existence_027.png']	Is there a dog in this image?	No	No
['/content/data/mme_hallucination/images/existence_028.png']	Is there a clock in this image?	Yes	Yes
['/content/data/mme_hallucination/images/existence_028.png']	Is there a bottle in this image?	No	No
['/content/data/mme_hallucination/images/existence_029.png']	Is there a refrigerator in this image?	Yes	Yes
['/content/data/mme_hallucination/images/existence_029.png']	Is there a donut in this image?	No	No
